<metadata xml:lang="en"><Esri><CreaDate>2022-09-05</CreaDate><CreaTime>06:50:44</CreaTime><ArcGISFormat>1.0</ArcGISFormat><SyncOnce>FALSE</SyncOnce><DataProperties><lineage><Process Date="20220905" Time="065044" ToolSource="c:\program files\arcgis\pro\Resources\ArcToolbox\toolboxes\Data Management Tools.tbx\MosaicToNewRaster">MosaicToNewRaster D:\LIDAR_Merge_2022\Void_Finder\Void_Patch_DEMs\Patch_DTM_1m_AOI_1a_01_Under.tif;D:\LIDAR_Merge_2022\Void_Finder\Void_Patch_DEMs\Patch_DTM_1m_AOI_1a_02_Under.tif;D:\LIDAR_Merge_2022\Void_Finder\Void_Patch_DEMs\Patch_DTM_1m_AOI_1b_03_Under.tif;D:\LIDAR_Merge_2022\Void_Finder\Void_Patch_DEMs\Patch_DTM_1m_AOI_1b_04_Under.tif;D:\LIDAR_Merge_2022\Void_Finder\Void_Patch_DEMs\Patch_DTM_1m_AOI_1b_05_Under.tif;D:\LIDAR_Merge_2022\Void_Finder\Void_Patch_DEMs\Patch_DTM_1m_AOI_1d_06_Under.tif;D:\LIDAR_Merge_2022\Void_Finder\Void_Patch_DEMs\Patch_DTM_1m_AOI_1d_07_Under.tif;D:\LIDAR_Merge_2022\Void_Finder\Void_Patch_DEMs\Patch_DTM_1m_AOI_1d_08_Under.tif;D:\LIDAR_Merge_2022\Void_Finder\Void_Patch_DEMs\Patch_DTM_1m_AOI_1d_09_Under.tif;D:\LIDAR_Merge_2022\Void_Finder\Void_Patch_DEMs\Patch_DTM_1m_AOI_1d_10_Under.tif;D:\LIDAR_Merge_2022\Void_Finder\Void_Patch_DEMs\Patch_DTM_1m_AOI_1d_11_Under.tif;D:\LIDAR_Merge_2022\Void_Finder\Void_Patch_DEMs\Patch_DTM_1m_AOI_2a_12_Under.tif;D:\LIDAR_Merge_2022\Void_Finder\Void_Patch_DEMs\Patch_DTM_1m_AOI_2a_13_Under.tif;D:\LIDAR_Merge_2022\Void_Finder\Void_Patch_DEMs\Patch_DTM_1m_AOI_2a_14_Under.tif;D:\LIDAR_Merge_2022\Void_Finder\Void_Patch_DEMs\Patch_DTM_1m_AOI_2a_15_Under.tif;D:\LIDAR_Merge_2022\Void_Finder\Void_Patch_DEMs\Patch_DTM_1m_AOI_2a_16_Under.tif;D:\LIDAR_Merge_2022\Void_Finder\Void_Patch_DEMs\Patch_DTM_1m_AOI_2a_17_Under.tif;D:\LIDAR_Merge_2022\Void_Finder\Void_Patch_DEMs\Patch_DTM_1m_AOI_2a_18_Under.tif;D:\LIDAR_Merge_2022\Void_Finder\Void_Patch_DEMs\Patch_DTM_1m_AOI_2b_20_Under.tif;D:\LIDAR_Merge_2022\Void_Finder\Void_Patch_DEMs\Patch_DTM_1m_AOI_2b_21_Under.tif;D:\LIDAR_Merge_2022\Void_Finder\Void_Patch_DEMs\Patch_DTM_1m_AOI_2c_22_Under.tif;D:\LIDAR_Merge_2022\Void_Finder\Void_Patch_DEMs\Patch_DTM_1m_AOI_2c_23_Under.tif;D:\LIDAR_Merge_2022\Void_Finder\Void_Patch_DEMs\Patch_DTM_1m_AOI_2c_24_Under.tif;D:\LIDAR_Merge_2022\Void_Finder\Void_Patch_DEMs\Patch_DTM_1m_AOI_2c_25_Under.tif;D:\LIDAR_Merge_2022\Void_Finder\Void_Patch_DEMs\Patch_DTM_1m_AOI_2c_26_Under.tif;D:\LIDAR_Merge_2022\Void_Finder\Void_Patch_DEMs\Patch_DTM_1m_AOI_2c_27_Under.tif;D:\LIDAR_Merge_2022\Void_Finder\Void_Patch_DEMs\Patch_DTM_1m_AOI_2c_28_Under.tif;D:\LIDAR_Merge_2022\Void_Finder\Void_Patch_DEMs\Patch_DTM_1m_AOI_2c_29_Under.tif;D:\LIDAR_Merge_2022\Void_Finder\Void_Patch_DEMs\Patch_DTM_1m_AOI_2d_30_Under.tif;D:\LIDAR_Merge_2022\Void_Finder\Void_Patch_DEMs\Patch_DTM_1m_AOI_2d_31_Under.tif;D:\LIDAR_Merge_2022\Void_Finder\Void_Patch_DEMs\Patch_DTM_1m_AOI_3b_32_Under.tif;D:\LIDAR_Merge_2022\Void_Finder\Void_Patch_DEMs\Patch_DTM_1m_AOI_3b_33_Under.tif;D:\LIDAR_Merge_2022\Void_Finder\Void_Patch_DEMs\Patch_DTM_1m_AOI_3b_34_Under.tif;D:\LIDAR_Merge_2022\Void_Finder\Void_Patch_DEMs\Patch_DTM_1m_AOI_3b_35_Under.tif;D:\LIDAR_Merge_2022\Void_Finder\Void_Patch_DEMs\Patch_DTM_1m_AOI_3b_36_Under.tif;D:\LIDAR_Merge_2022\Void_Finder\Void_Patch_DEMs\Patch_DTM_1m_AOI_3b_37_Under.tif;D:\LIDAR_Merge_2022\Void_Finder\Void_Patch_DEMs\Patch_DTM_1m_AOI_3b_38_Under.tif;D:\LIDAR_Merge_2022\Void_Finder\Void_Patch_DEMs\Patch_DTM_1m_AOI_3b_39_Under.tif;D:\LIDAR_Merge_2022\Void_Finder\Void_Patch_DEMs\Patch_DTM_1m_AOI_3b_40_Under.tif;D:\LIDAR_Merge_2022\Void_Finder\Void_Patch_DEMs\Patch_DTM_1m_AOI_3b_41_Under.tif;D:\LIDAR_Merge_2022\Void_Finder\Void_Patch_DEMs\Patch_DTM_1m_AOI_3b_42_Under.tif;D:\LIDAR_Merge_2022\Void_Finder\Void_Patch_DEMs\Patch_DTM_1m_AOI_3b_43_Under.tif;D:\LIDAR_Merge_2022\Void_Finder\Void_Patch_DEMs\Patch_DTM_1m_AOI_3b_44_Under.tif;D:\LIDAR_Merge_2022\Void_Finder\Void_Patch_DEMs\Patch_DTM_1m_AOI_3c_45_Under.tif;D:\LIDAR_Merge_2022\Void_Finder\Void_Patch_DEMs\Patch_DTM_1m_AOI_3c_46_Under.tif;D:\LIDAR_Merge_2022\Void_Finder\Void_Patch_DEMs\Patch_DTM_1m_AOI_3c_47_Under.tif;D:\LIDAR_Merge_2022\Void_Finder\Void_Patch_DEMs\Patch_DTM_1m_AOI_3c_48_Under.tif;D:\LIDAR_Merge_2022\Void_Finder\Void_Patch_DEMs\Patch_DTM_1m_AOI_3c_49_Under.tif;D:\LIDAR_Merge_2022\Void_Finder\Void_Patch_DEMs\Patch_DTM_1m_AOI_3c_50_Under.tif;D:\LIDAR_Merge_2022\Void_Finder\Void_Patch_DEMs\Patch_DTM_1m_AOI_4a_51_Under.tif;D:\LIDAR_Merge_2022\Void_Finder\Void_Patch_DEMs\Patch_DTM_1m_AOI_4a_52_Under.tif;D:\LIDAR_Merge_2022\Void_Finder\Void_Patch_DEMs\Patch_DTM_1m_AOI_4a_53_Under.tif;D:\LIDAR_Merge_2022\Void_Finder\Void_Patch_DEMs\Patch_DTM_1m_AOI_4a_54_Under.tif;D:\LIDAR_Merge_2022\Void_Finder\Void_Patch_DEMs\Patch_DTM_1m_AOI_4a_55_Under.tif;D:\LIDAR_Merge_2022\Void_Finder\Void_Patch_DEMs\Patch_DTM_1m_AOI_4a_56_Under.tif;D:\LIDAR_Merge_2022\Void_Finder\Void_Patch_DEMs\Patch_DTM_1m_AOI_4a_57_Under.tif;D:\LIDAR_Merge_2022\Void_Finder\Void_Patch_DEMs\Patch_DTM_1m_AOI_4a_59_Under.tif;D:\LIDAR_Merge_2022\Void_Finder\Void_Patch_DEMs\Patch_DTM_1m_AOI_4a_60_Under.tif;D:\LIDAR_Merge_2022\Void_Finder\Void_Patch_DEMs\Patch_DTM_1m_AOI_4a_61_Under.tif;D:\LIDAR_Merge_2022\Void_Finder\Void_Patch_DEMs\Patch_DTM_1m_AOI_4a_62_Under.tif;D:\LIDAR_Merge_2022\Void_Finder\Void_Patch_DEMs\Patch_DTM_1m_AOI_4b_63_Under.tif;D:\LIDAR_Merge_2022\Void_Finder\Void_Patch_DEMs\Patch_DTM_1m_AOI_4b_64_Under.tif;D:\LIDAR_Merge_2022\Void_Finder\Void_Patch_DEMs\Patch_DTM_1m_AOI_4b_65_Under.tif;D:\LIDAR_Merge_2022\Void_Finder\Void_Patch_DEMs\Patch_DTM_1m_AOI_4b_66_Under.tif;D:\LIDAR_Merge_2022\Void_Finder\Void_Patch_DEMs\Patch_DTM_1m_AOI_4c_67_Under.tif;D:\LIDAR_Merge_2022\Void_Finder\Void_Patch_DEMs\Patch_DTM_1m_AOI_4c_68_Under.tif;D:\LIDAR_Merge_2022\Void_Finder\Void_Patch_DEMs\Patch_DTM_1m_AOI_4c_69_Under.tif;D:\LIDAR_Merge_2022\Void_Finder\Void_Patch_DEMs\Patch_DTM_1m_AOI_4c_70_Under.tif;D:\LIDAR_Merge_2022\Void_Finder\Void_Patch_DEMs\Patch_DTM_1m_AOI_4c_71_Under.tif;D:\LIDAR_Merge_2022\Void_Finder\Void_Patch_DEMs\Patch_DTM_1m_AOI_4c_72_Under.tif;D:\LIDAR_Merge_2022\Void_Finder\Void_Patch_DEMs\Patch_DTM_1m_AOI_4c_73_Under.tif;D:\LIDAR_Merge_2022\Void_Finder\Void_Patch_DEMs\Patch_DTM_1m_AOI_4c_74_Under.tif;D:\LIDAR_Merge_2022\Void_Finder\Void_Patch_DEMs\Patch_DTM_1m_AOI_4c_75_Under.tif;D:\LIDAR_Merge_2022\Void_Finder\Void_Patch_DEMs\Patch_DTM_1m_AOI_4c_76_Under.tif;D:\LIDAR_Merge_2022\Void_Finder\Void_Patch_DEMs\Patch_DTM_1m_AOI_4c_77_Under.tif;D:\LIDAR_Merge_2022\Void_Finder\Void_Patch_DEMs\Patch_DTM_1m_AOI_4c_78_Under.tif;D:\LIDAR_Merge_2022\Void_Finder\Void_Patch_DEMs\Patch_DTM_1m_AOI_4c_79_Under.tif;D:\LIDAR_Merge_2022\Void_Finder\Void_Patch_DEMs\Patch_DTM_1m_AOI_5a_80_Under.tif;D:\LIDAR_Merge_2022\Void_Finder\Void_Patch_DEMs\Patch_DTM_1m_AOI_5a_81_Under.tif;D:\LIDAR_Merge_2022\Void_Finder\Void_Patch_DEMs\Patch_DTM_1m_AOI_5a_82_Under.tif;D:\LIDAR_Merge_2022\Void_Finder\Void_Patch_DEMs\Patch_DTM_1m_AOI_5a_83_Under.tif;D:\LIDAR_Merge_2022\Void_Finder\Void_Patch_DEMs\Patch_DTM_1m_AOI_5a_84_Under.tif;D:\LIDAR_Merge_2022\Void_Finder\Void_Patch_DEMs\Patch_DTM_1m_AOI_5a_85_Under.tif;D:\LIDAR_Merge_2022\Void_Finder\Void_Patch_DEMs\Patch_DTM_1m_AOI_5a_86_Under.tif;D:\LIDAR_Merge_2022\Void_Finder\Void_Patch_DEMs\Patch_DTM_1m_AOI_5b_87_Under.tif;D:\LIDAR_Merge_2022\Void_Finder\Void_Patch_DEMs\Patch_DTM_1m_AOI_5b_88_Under.tif;D:\LIDAR_Merge_2022\Void_Finder\Void_Patch_DEMs\Patch_DTM_1m_AOI_5b_89_Under.tif;D:\LIDAR_Merge_2022\Void_Finder\Void_Patch_DEMs\Patch_DTM_1m_AOI_5b_90_Under.tif;D:\LIDAR_Merge_2022\Void_Finder\Void_Patch_DEMs\Patch_DTM_1m_AOI_5b_91_Under.tif;D:\LIDAR_Merge_2022\Void_Finder\Void_Patch_DEMs\Patch_DTM_1m_AOI_5b_92_Under.tif;D:\LIDAR_Merge_2022\Void_Finder\Void_Patch_DEMs\Patch_DTM_1m_AOI_5c_93_Under.tif;D:\LIDAR_Merge_2022\Void_Finder\Void_Patch_DEMs\Patch_DTM_1m_AOI_5c_94_Under.tif;D:\LIDAR_Merge_2022\Void_Finder\Void_Patch_DEMs\Patch_DTM_1m_AOI_5c_95_Under.tif;D:\LIDAR_Merge_2022\Void_Finder\Void_Patch_DEMs\Patch_DTM_1m_AOI_5c_96_Under.tif;D:\LIDAR_Merge_2022\Void_Finder\Void_Patch_DEMs\Patch_DTM_1m_AOI_5c_97_Under.tif;AOI_7_COU_NP1m_2022_DTM;AOI_3a_2020_1m_DTM;AOI_1c_2020_1m_DTM;Merged_2022_over_2020_DTM_AOI_5c;Merged_2022_over_2020_DTM_AOI_5b;Merged_2022_over_2020_DTM_AOI_5a;Merged_2022_over_2020_DTM_AOI_4c;Merged_2022_over_2020_DTM_AOI_4b;Merged_2022_over_2020_DTM_AOI_4a;Merged_2022_over_2020_DTM_AOI_3c;Merged_2022_over_2020_DTM_AOI_3b;Merged_2022_over_2020_DTM_AOI_2d;Merged_2022_over_2020_DTM_AOI_2c;Merged_2022_over_2020_DTM_AOI_2b;Merged_2022_over_2020_DTM_AOI_2a;Merged_2022_over_2020_DTM_AOI_1d;Merged_2022_over_2020_DTM_AOI_1b;Merged_2022_over_2020_DTM_AOI_1a;D:\LIDAR_Merge_2022\Void_Finder\Void_Patch_DEMs\Over\Patch_DTM_1m_AOI_2a_19_Over.tif;D:\LIDAR_Merge_2022\Void_Finder\Void_Patch_DEMs\Over\Patch_DTM_1m_AOI_4a_58_Over.tif D:\LIDAR_Merge_2022\LIDAR_1m_DTM_Composite_2022\LIDAR_1m_DTM_Composite_2022.gdb LIDAR_1m_DTM_2022 PROJCS["British_National_Grid",GEOGCS["GCS_OSGB_1936",DATUM["D_OSGB_1936",SPHEROID["Airy_1830",6377563.396,299.3249646]],PRIMEM["Greenwich",0.0],UNIT["Degree",0.0174532925199433]],PROJECTION["Transverse_Mercator"],PARAMETER["False_Easting",400000.0],PARAMETER["False_Northing",-100000.0],PARAMETER["Central_Meridian",-2.0],PARAMETER["Scale_Factor",0.9996012717],PARAMETER["Latitude_Of_Origin",49.0],UNIT["Meter",1.0]] "32 bit float" 1 1 Last First</Process><Process Date="20220907" Time="213742" ToolSource="c:\program files (x86)\arcgis\desktop10.6\ArcToolbox\Toolboxes\Data Management Tools.tbx\BuildPyramids">BuildPyramids D:\LIDAR_Merge_2022\LIDAR_1m_DTM_Composite_2022\LIDAR_1m_DTM_Composite_2022.gdb\LIDAR_1m_DTM_2022 0 NONE NEAREST DEFAULT 75 OVERWRITE</Process><Process Date="20220909" Time="063855" ToolSource="c:\program files\arcgis\pro\Resources\ArcToolbox\toolboxes\Data Management Tools.tbx\BuildPyramids">BuildPyramids D:\LIDAR_Merge_2022\LIDAR_1m_DTM_Composite_2022\LIDAR_1m_DTM_Composite_2022.gdb\LIDAR_1m_DTM_2022 -1 NONE Bilinear DEFAULT 75 OVERWRITE</Process><Process Date="20220910" Time="134805" ToolSource="c:\program files (x86)\arcgis\desktop10.6\ArcToolbox\Toolboxes\Data Management Tools.tbx\Clip">Clip V:\Al_Live\Composite_Work_Live\Composite_Lidar_2022\_LIDAR_Composite_2022\LIDAR_1m_DTM_Composite_2022.gdb\LIDAR_1m_DTM_2022 "530000 185000 535000 190000" G:\LIDAR_Composites\2022\GeoTiffs\1m\DTM\TQ\TQ38\TQ38nw_DTM_1m.tif # -3.40282346639e+38 NONE NO_MAINTAIN_EXTENT</Process></lineage><itemProps><itemName Sync="TRUE">TQ38nw_DTM_1m.tif</itemName><itemLocation><linkage Sync="TRUE">file://G:\LIDAR_Composites\2022\GeoTiffs\1m\DTM\TQ\TQ38\TQ38nw_DTM_1m.tif</linkage><protocol Sync="TRUE">Local Area Network</protocol></itemLocation><imsContentType Sync="TRUE">002</imsContentType><nativeExtBox><westBL Sync="TRUE">530000.000000</westBL><eastBL Sync="TRUE">535000.000000</eastBL><southBL Sync="TRUE">185000.000000</southBL><northBL Sync="TRUE">190000.000000</northBL><exTypeCode Sync="TRUE">1</exTypeCode></nativeExtBox></itemProps><coordRef><type Sync="TRUE">Projected</type><geogcsn Sync="TRUE">GCS_OSGB_1936</geogcsn><csUnits Sync="TRUE">Linear Unit: Meter (1.000000)</csUnits><projcsn Sync="TRUE">British_National_Grid</projcsn><peXml Sync="TRUE">&lt;ProjectedCoordinateSystem xsi:type='typens:ProjectedCoordinateSystem' xmlns:xsi='http://www.w3.org/2001/XMLSchema-instance' xmlns:xs='http://www.w3.org/2001/XMLSchema' xmlns:typens='http://www.esri.com/schemas/ArcGIS/10.6'&gt;&lt;WKT&gt;PROJCS[&amp;quot;British_National_Grid&amp;quot;,GEOGCS[&amp;quot;GCS_OSGB_1936&amp;quot;,DATUM[&amp;quot;D_OSGB_1936&amp;quot;,SPHEROID[&amp;quot;Airy_1830&amp;quot;,6377563.396,299.3249646]],PRIMEM[&amp;quot;Greenwich&amp;quot;,0.0],UNIT[&amp;quot;Degree&amp;quot;,0.0174532925199433]],PROJECTION[&amp;quot;Transverse_Mercator&amp;quot;],PARAMETER[&amp;quot;False_Easting&amp;quot;,400000.0],PARAMETER[&amp;quot;False_Northing&amp;quot;,-100000.0],PARAMETER[&amp;quot;Central_Meridian&amp;quot;,-2.0],PARAMETER[&amp;quot;Scale_Factor&amp;quot;,0.9996012717],PARAMETER[&amp;quot;Latitude_Of_Origin&amp;quot;,49.0],UNIT[&amp;quot;Meter&amp;quot;,1.0],AUTHORITY[&amp;quot;EPSG&amp;quot;,27700]]&lt;/WKT&gt;&lt;XOrigin&gt;-5220400&lt;/XOrigin&gt;&lt;YOrigin&gt;-15524400&lt;/YOrigin&gt;&lt;XYScale&gt;450481592.76709664&lt;/XYScale&gt;&lt;ZOrigin&gt;-100000&lt;/ZOrigin&gt;&lt;ZScale&gt;10000&lt;/ZScale&gt;&lt;MOrigin&gt;-100000&lt;/MOrigin&gt;&lt;MScale&gt;10000&lt;/MScale&gt;&lt;XYTolerance&gt;0.001&lt;/XYTolerance&gt;&lt;ZTolerance&gt;0.001&lt;/ZTolerance&gt;&lt;MTolerance&gt;0.001&lt;/MTolerance&gt;&lt;HighPrecision&gt;true&lt;/HighPrecision&gt;&lt;WKID&gt;27700&lt;/WKID&gt;&lt;LatestWKID&gt;27700&lt;/LatestWKID&gt;&lt;/ProjectedCoordinateSystem&gt;</peXml></coordRef><RasterProperties><General><PixelDepth Sync="TRUE">32</PixelDepth><HasColormap Sync="TRUE">FALSE</HasColormap><CompressionType Sync="TRUE">LZW</CompressionType><NumBands Sync="TRUE">1</NumBands><Format Sync="TRUE">TIFF</Format><HasPyramids Sync="TRUE">TRUE</HasPyramids><SourceType Sync="TRUE">continuous</SourceType><PixelType Sync="TRUE">floating point</PixelType><NoDataValue Sync="TRUE">-3.4028235e+38</NoDataValue></General></RasterProperties></DataProperties><SyncDate>20220910</SyncDate><SyncTime>13480500</SyncTime><ModDate>2022-09-23</ModDate><ModTime>13:48:05</ModTime><scaleRange><maxScale /><minScale /></scaleRange><PublishStatus>editor:arcpy_metadata</PublishStatus><ArcGISProfile>ISO19139</ArcGISProfile><ArcGISstyle>ISO 19139 Metadata Implementation Specification</ArcGISstyle></Esri><dataIdInfo><envirDesc Sync="TRUE"> Version 6.2 (Build 9200) ; Esri ArcGIS 10.6.1.9270</envirDesc><dataLang><languageCode Sync="TRUE" value="eng" /><countryCode Sync="TRUE" value="GBR" /></dataLang><idCitation><resTitle Sync="FALSE">TQ38nw_DTM_1m.tif</resTitle><presForm><PresFormCd Sync="TRUE" value="005" /></presForm><citOnlineRes><linkage /></citOnlineRes><resAltTitle /><citRespParty><rpCntInfo><cntOnlineRes><protocol /><appProfile /><linkage /><orDesc /><orName /></cntOnlineRes><faxNum /><cntAddress><city /><postCode /><adminArea /><eMailAdd /><delPoint /><country /></cntAddress><cntHours /><cntInstr /><voiceNum /></rpCntInfo><rpIndName /><rpPosName /><role><RoleCd /></role><orFunct><OnFunctCd /></orFunct><rpOrgName /></citRespParty><otherCitDet /><date><reviseDate>2022-09-23T16:32:26</reviseDate></date><citId><identCode /><identAuth><citId><identAuth><citId><identCode /></citId></identAuth><identCode /></citId></identAuth></citId></idCitation><spatRpType><SpatRepTypCd Sync="TRUE" value="002" /></spatRpType><dataExt><geoEle><GeoBndBox esriExtentType="search"><exTypeCode Sync="TRUE">1</exTypeCode><westBL Sync="TRUE">-0.124902</westBL><eastBL Sync="TRUE">-0.050906</eastBL><northBL Sync="TRUE">51.593356</northBL><southBL Sync="TRUE">51.547244</southBL></GeoBndBox></geoEle><exDesc /><tempEle><TempExtent><exTemp><TM_Period><tmEnd /><tmBegin /></TM_Period><TM_Instant><tmPosition /></TM_Instant></exTemp></TempExtent></tempEle><tempDesc /></dataExt><resMaint><usrDefFreq><duration>Never</duration></usrDefFreq><maintFreq><MaintFreqCd /></maintFreq></resMaint><idPoC><rpCntInfo><cntOnlineRes><protocol /><appProfile /><linkage /><orDesc /><orName /></cntOnlineRes><faxNum /><cntAddress><city /><postCode /><adminArea /><eMailAdd>geomatics_data@environment-agency.gov.uk</eMailAdd><delPoint /><country /></cntAddress><cntHours /><cntInstr /><voiceNum /></rpCntInfo><rpIndName>Environment Agency</rpIndName><rpPosName /><role><RoleCd /></role><orFunct><OnFunctCd /></orFunct><rpOrgName>Environment Agency</rpOrgName></idPoC><mdLang><languageCode /></mdLang><dataScale><scaleDist><value /></scaleDist><equScale><rfDenom /></equScale></dataScale><suppInfo /><placeKeys><keyword>TQ38nw</keyword></placeKeys><maintCont><rpCntInfo><cntOnlineRes><protocol /><appProfile /><linkage /><orDesc /><orName /></cntOnlineRes><faxNum /><cntAddress><city /><postCode /><adminArea /><eMailAdd /><delPoint /><country /></cntAddress><cntHours /><cntInstr /><voiceNum /></rpCntInfo><rpIndName /><rpPosName /><role><RoleCd /></role><orFunct><OnFunctCd /></orFunct><rpOrgName /></maintCont><idAbs>The LIDAR Composite DTM (Digital Terrain Model) is a raster elevation model of England at 1m spatial resolution.

Produced by the Environment Agency in 2022 this dataset is derived from a combination of our Time Stamped archive and National LIDAR Programme which has been merged and re-sampled to give the best possible coverage.

The LIDAR Composite contains surveys undertaken between 14th February 2003 and 5th May 2022. Where repeat surveys have been undertaken the newest, best resolution data is used. Where data was resampled a bilinear interpolation was used before being merging.

Please refer to the supplied survey index shapefile which shows for any location, what LIDAR data went into the production of the LIDAR composite for a specific location. The survey index shapefile contains informaiton including the exact date of survey and source resolution of data.

The DTM (Digital Terrain Model) is produced from the last return LIDAR pulse. We remove surface objects from the Digital Surface Model (DSM), using bespoke algorithms and manual editing of the data, to produce a terrain model of just the surface.

The elevation are presented in metres referenced to Ordinance Survey Newlyn, using the OSTN 15 and OSGM 15 transformation models. The LIDAR elevations have a vertical accuracy of +/-15cm RMSE.</idAbs><searchKeys><keyword>LIDAR Composite 2022</keyword><keyword>1m</keyword><keyword>Digital Terrain Model (DTM)</keyword><keyword>Last Return</keyword><keyword>TQ38nw</keyword><keyword>LIDAR</keyword><keyword>Elevation</keyword><keyword>OSGM'15</keyword><keyword>OSTN'15</keyword><keyword>Environment Agency</keyword><keyword>Open Data</keyword></searchKeys><idCredit>Environment Agency copyright and/or database right 2020. All rights reserved.</idCredit><resConst><Consts><useLimit>Data is available to reuse under the Open Government Licence. For further information please refer to:
http://www.nationalarchives.gov.uk/doc/open-government-licence/version/3/

When re-using these data you must include the following attribute statement:
'Environment Agency copyright and/or database right 2022. All rights reserved.''</useLimit></Consts><LegConsts><useLimit /></LegConsts></resConst><idPurp>This raster forms part of the LIDAR Composite 2022 1m Digital Terrain Model (DTM) produced by the Environment Agency.</idPurp></dataIdInfo><mdLang><languageCode Sync="TRUE" value="eng" /><countryCode Sync="TRUE" value="GBR" /></mdLang><distInfo><distFormat><formatName Sync="TRUE">Geotiff</formatName></distFormat><distTranOps><onLineSrc><linkage /><appProfile /><orFunct><OnFunctCd /></orFunct><protocol /><orName /><orDesc /></onLineSrc></distTranOps></distInfo><mdHrLv><ScopeCd Sync="TRUE" value="005" /></mdHrLv><mdHrLvName Sync="TRUE">dataset</mdHrLvName><refSysInfo><RefSystem><refSysID><identCode Sync="TRUE" code="27700" /><idCodeSpace Sync="TRUE">EPSG</idCodeSpace><idVersion Sync="TRUE">8.9.5(3.0.1)</idVersion></refSysID></RefSystem></refSysInfo><spatRepInfo><Georect><cellGeo><CellGeoCd Sync="TRUE" value="002" /></cellGeo><numDims Sync="TRUE">2</numDims><tranParaAv Sync="TRUE">1</tranParaAv><chkPtAv Sync="TRUE">0</chkPtAv><cornerPts><pos Sync="TRUE">530000.000000 185000.000000</pos></cornerPts><cornerPts><pos Sync="TRUE">530000.000000 190000.000000</pos></cornerPts><cornerPts><pos Sync="TRUE">535000.000000 190000.000000</pos></cornerPts><cornerPts><pos Sync="TRUE">535000.000000 185000.000000</pos></cornerPts><centerPt><pos Sync="TRUE">532500.000000 187500.000000</pos></centerPt><axisDimension type="002"><dimSize Sync="TRUE">5000</dimSize><dimResol><value Sync="TRUE" uom="m">1.000000</value></dimResol></axisDimension><axisDimension type="001"><dimSize Sync="TRUE">5000</dimSize><dimResol><value Sync="TRUE" uom="m">1.000000</value></dimResol></axisDimension><ptInPixel><PixOrientCd Sync="TRUE" value="001" /></ptInPixel></Georect></spatRepInfo><contInfo><ImgDesc><contentTyp><ContentTypCd Sync="TRUE" value="001" /></contentTyp><covDim><Band><dimDescrp Sync="TRUE">Band_1</dimDescrp><maxVal Sync="TRUE">75.515007</maxVal><minVal Sync="TRUE">5.535000</minVal><bitsPerVal Sync="TRUE">32</bitsPerVal><valUnit><UOM type="length" /></valUnit></Band></covDim></ImgDesc></contInfo><mdDateSt Sync="TRUE">20220910</mdDateSt><dqInfo><dataLineage><dataSource><srcDesc /><srcRefSys><identAuth><citId><identCode /></citId></identAuth></srcRefSys></dataSource></dataLineage></dqInfo><eainfo><detailed><enttyp><enttypl /></enttyp></detailed></eainfo><dataSetURI /></metadata>